title,paper name,vol,Does the article contain any of these keywords: cancer/tumor/tumour?,Study subject labelled as ‘patient/patients’ in dataset(s),age,sex/gender,ethnicity,geographical location ,dataset quantity,quantity of public datasets,quantity of private datasets,image type in datasets,organ/body part in datasets,Does the dataset contain sex-specific organ(s)?,Female and/or male organs?,location ,location as a healthcare facility,name of healthcare facility,location as other (center/department/laboratory/university/institution/online),name of location as other (center/department/laboratory/university/institution/online),location as large-scale geographical entity,name of location as large-scale geographical entity,location as subnational geographical entity,name of location as subnational geographical entity,Information found outside article (such as sup material and/or by references,organ_category_refined,image_category,demographics_usage,dataset_disclosure_category,dataset_status,location_category
3D Arterial Segmentation via Single 2D Projections and Depth Supervision in Contrast-Enhanced CT Images,14,1,1,1,0,1,0,0,1,0,1,"contrast-enhanced abdominal computed tomography images, cts","abdomen, pancreas",0,0,0,0,No Name,0,No Name,0,No Name,0,No Name,1,"Digestive System, Regulatory Systems",Computed Tomography (CT),Limited Use of Demographic Data,Full Disclosure,All Private,No Location information
A Multi-task Network for Anatomy Identification in Endoscopic Pituitary Surgery,45,9,1,1,0,0,0,0,1,0,0,endoscope,pituitary gland,0,0,1,1,national hospital of neurology and neurosurgery,0,No Name,1,united kingdom,1,london,1,Regulatory Systems,Endoscopy,No Demographic Data,Status Undisclosed,Some Private Some Unknown,Healthcare facility
A Texture Neural Network to Predict the Abnormal Brachial Plexus from Routine Magnetic Resonance Imaging,46,8,1,1,1,1,0,0,1,0,0,mri,breast,0,0,1,1,anonymous,0,No Name,0,No Name,0,No Name,0,Integumentary System,Magnetic Resonance Imaging (MRI),Limited Use of Demographic Data,Status Undisclosed,Some Private Some Unknown,Healthcare facility
ALL-IN: A Local GLobal Graph-Based DIstillatioN Model for Representation Learning of Gigapixel Histopathology Images With Application In Cancer Risk Assessment,74,3,1,1,0,0,0,0,3,2,0,"magnetic resonance, biopsy slides",prostate,1,male,0,0,No Name,0,No Name,0,No Name,0,No Name,1,Male Reproductive System,"Magnetic Resonance Imaging (MRI), Histopathology",No Demographic Data,Partial Disclosure,Some Public Some Unknown,No Location information
AME-CAM: Attentive Multiple-Exit CAM for Weakly Supervised Segmentation on MRI Brain Tumor,17,1,1,1,0,0,0,0,1,0,0,mri,brain,0,0,0,0,No Name,0,No Name,0,No Name,0,No Name,1,Central Nervous System,Magnetic Resonance Imaging (MRI),No Demographic Data,Status Undisclosed,Some Private Some Unknown,No Location information
An AI-Ready Multiplex Staining Dataset for Reproducible and Accurate Characterization of Tumor Immune Microenvironment,68,6,1,1,1,1,1,0,2,1,0,"ihc, if, multiplex staining","head and neck, h&n, breast, colon, prostate",1,male,1,0,No Name,1,moffitt cancer center,0,No Name,0,No Name,1,"Male Reproductive System, Integumentary System, Head and Neck, Digestive System",Spectrometry and Specialized Imaging,Extensive Use of Demographic Data,Partial Disclosure,Some Public Some Unknown,Other
An Anti-biased TBSRTC-Category Aware Nuclei Segmentation Framework with a Multi-label Thyroid Cytology Benchmark,56,6,1,1,0,0,0,0,1,0,0,h&e,thyroid,0,0,0,0,No Name,0,No Name,0,No Name,0,No Name,0,Regulatory Systems,Histopathology,No Demographic Data,Status Undisclosed,Some Private Some Unknown,No Location information
Anatomy-Driven Pathology Detection on Chest X-rays,6,1,1,1,0,0,0,0,3,0,0,x-ray,chest,0,0,1,1,"national institutes of health clinical center, beth israel deaconess medical center",1,"national institutes of health clinical center, beth israel deaconess medical center",1,us,1,boston,1,Respiratory System,Radiography,No Demographic Data,Status Undisclosed,Some Private Some Unknown,Healthcare facility
Anatomy-Informed Data Augmentation for Enhanced Prostate Cancer Detection,50,7,1,1,0,0,0,0,1,0,1,mri,prostate,1,male,1,1,medical faculty heidelberg,0,No Name,1,No Name,1,heidelberg,0,Male Reproductive System,Magnetic Resonance Imaging (MRI),No Demographic Data,Full Disclosure,All Private,Healthcare facility
Asymmetric Contour Uncertainty Estimation for Medical Image Segmentation,21,3,1,1,0,0,0,0,4,0,2,"ultrasounds, 2d echocardigrams, echocardiograms, x-rays","heart, chest, lung",0,0,0,0,No Name,1,different sites,0,No Name,0,No Name,0,"Respiratory System, Cardiovascular System","Echocardiography, Radiography, Ultrasound (US)",No Demographic Data,Partial Disclosure,Some Private Some Unknown,No Location information
atTRACTive: Semi-automatic White Matter Tract Segmentation Using Active Learning,23,8,1,1,0,0,0,0,2,1,1,tractography,brain,0,0,0,0,No Name,0,No Name,0,No Name,0,No Name,1,Central Nervous System,Magnetic Resonance Imaging (MRI),No Demographic Data,Full Disclosure,Public and Private,No Location information
Automated CT Lung Cancer Screening Workflow Using 3D Camera,40,7,1,1,0,0,0,1,3,0,0,"ct, 3d camera",lung,0,0,1,0,No Name,0,No Name,1,"north america, asia, europe",1,"unknown, referred to as ""different sites""",0,Respiratory System,"Three-dimensional Imaging, Computed Tomography (CT)",Limited Use of Demographic Data,Status Undisclosed,Some Private Some Unknown,Large-scale geographical entity
Automatic Bleeding Risk Rating System of Gastric Varices,1,5,1,1,1,0,0,0,1,0,1,"gastroscopy, endoscopy","stomach, abdomen",0,0,1,1,grade-III class-A hospital,0,No Name,0,No Name,0,No Name,1,Digestive System,Endoscopy,Limited Use of Demographic Data,Full Disclosure,All Private,Healthcare facility
BerDiff: Conditional Bernoulli Diffusion Model for Medical Image Segmentation,47,4,1,1,0,0,0,0,2,0,0,"mri, t1, t2, flair, t1ce, ct, 2d",lung,0,0,0,0,No Name,0,No Name,0,No Name,0,No Name,0,Respiratory System,"Echocardiography, Magnetic Resonance Imaging (MRI), Computed Tomography (CT)",No Demographic Data,Status Undisclosed,Some Private Some Unknown,No Location information
Black-box Domain Adaptative Cell Segmentation via Multi-source Distillation,71,1,1,1,0,0,0,0,4,2,0,"segmentations, pathology","breast, kidney, renal, colorectal",0,0,1,0,No Name,0,No Name,0,No Name,0,No Name,1,"Integumentary System, Genitourinary System, Digestive System",Miscellaneous,No Demographic Data,Partial Disclosure,Some Public Some Unknown,Subnational geographical entity
Brain Anatomy-Guided MRI Analysis for Assessing Clinical Progression of Cognitive Impairment with Structural MRI,11,8,1,1,0,0,0,0,3,1,0,"mri, t1",brain,0,0,1,1,First Affiliated Hospital of Guangzhou University of Chinese Medicine,1,two sites,0,No Name,0,No Name,1,Central Nervous System,Magnetic Resonance Imaging (MRI),No Demographic Data,Partial Disclosure,Some Public Some Unknown,Healthcare facility
Breast Ultrasound Tumor Classification Using a Hybrid Multitask CNN-Transformer Network,33,4,1,1,0,0,0,1,4,4,0,us,breast,0,0,1,0,No Name,0,No Name,1,"netherlands, egypt, china, spain",0,No Name,1,Integumentary System,Ultrasound (US),Limited Use of Demographic Data,Full Disclosure,All Public,Large-scale geographical entity
Bridging Ex-Vivo Training and Intra-operative Deployment for Surgical Margin Assessment with Evidential Graph Transformer,53,7,1,1,0,0,0,0,2,0,0,intra-operative spectrometry,breast,0,0,1,0,No Name,1,BSC kingston health sciences center,0,No Name,0,No Name,0,Integumentary System,Spectrometry and Specialized Imaging,No Demographic Data,Status Undisclosed,Some Private Some Unknown,Other
CARL: Cross-Aligned Representation Learning for Multi-view Lung Cancer Histology Classification,35,5,1,1,0,0,0,0,1,1,0,ct,lung,0,0,1,0,No Name,1,the cancer imaging archive,0,No Name,0,No Name,0,Respiratory System,Computed Tomography (CT),No Demographic Data,Full Disclosure,All Public,Other
Category-Level Regularized Unlabeled-to-Labeled Learning for Semi-supervised Prostate Segmentation with Multi-site Unlabeled Data,1,4,1,1,0,0,0,0,6,0,6,"t2, mr",prostate,1,male,1,1,No Name,0,No Name,0,No Name,0,No Name,0,Male Reproductive System,Magnetic Resonance Imaging (MRI),No Demographic Data,Full Disclosure,All Private,Healthcare facility
Centroid-Aware Feature Recalibration for Cancer Grading in Pathology Images,20,2,1,0,0,0,0,0,2,2,0,"wsi, wsis, tissue microarrays, TMAs ",colorectal ,0,0,1,0,No Name,1,No Name,0,No Name,0,No Name,1,Digestive System,"Histopathology, Computed Tomography (CT)",No Demographic Data,Full Disclosure,All Public,Other
Certification of Deep Learning Models for Medical Image Segmentation,58,4,1,0,0,0,0,0,5,5,0,"x-rays, rgb dermatocopy, colonoscopy","chest, lung, heart, skin, colon


",0,0,0,0,No Name,0,No Name,0,No Name,0,No Name,1,"Respiratory System, Cardiovascular System, Digestive System, Integumentary System","Endoscopy, Radiography, Optical Coherence Tomography (OCT & D-OCT)",No Demographic Data,Full Disclosure,All Public,No Location information
CLIP-Lung: Textual Knowledge-Guided Lung Nodule Malignancy Prediction,38,7,1,1,0,0,0,0,3,0,0,ct,lung,0,0,0,0,No Name,0,No Name,0,No Name,0,No Name,0,Respiratory System,Computed Tomography (CT),No Demographic Data,Status Undisclosed,Some Private Some Unknown,No Location information
Cluster-Induced Mask Transformers for Effective Opportunistic Gastric Cancer Screening on Non-contrast CT Scans,15,5,1,1,0,0,0,0,1,0,0,ct,stomach,0,0,1,1,"Guangdong Province People’s Hospital, Shengjing Hospital.",0,No Name,0,No Name,0,No Name,0,Digestive System,Computed Tomography (CT),No Demographic Data,Status Undisclosed,Some Private Some Unknown,Healthcare facility
Co-learning Semantic-Aware Unsupervised Segmentation for Pathological Image Registration,51,10,1,0,1,0,0,0,3,0,0,mri,brain,0,0,0,0,No Name,0,No Name,0,No Name,0,No Name,0,Central Nervous System,Magnetic Resonance Imaging (MRI),Limited Use of Demographic Data,Status Undisclosed,Some Private Some Unknown,No Location information
Deep Learning for Tumor-Associated Stroma Identification in Prostate Histopathology Slides,62,6,1,1,0,0,0,0,3,0,0,whole mount slides,"stroma, prostate",1,male,1,0,No Name,1,"Pathology Department at Cedars-
Sinai Medical Center",0,No Name,0,No Name,0,"Male Reproductive System, Whole Body",Histopathology,No Demographic Data,Status Undisclosed,Some Private Some Unknown,Other
Deep Unsupervised Clustering for Conditional Identification of Subgroups Within a Digital Pathology Image Set,64,8,1,0,0,0,0,0,2,0,0,wsi,breast,0,0,0,0,No Name,0,No Name,0,No Name,0,No Name,1,Integumentary System,Histopathology,No Demographic Data,Status Undisclosed,Some Private Some Unknown,No Location information
Detecting Domain Shift in Multiple Instance Learning for Digital Pathology Using Fréchet Domain Distance,16,5,1,1,0,0,0,0,2,2,0,"wsi, wsis, h&e",lymp nodes,0,0,0,0,No Name,0,No Name,0,No Name,0,No Name,1,Regulatory Systems,Histopathology,No Demographic Data,Full Disclosure,All Public,No Location information
Detecting the Sensing Area of a Laparoscopic Probe in Minimally Invasive Cancer Surgery,25,9,1,0,0,0,0,0,2,0,0,"laparoscopy, 3d, 2d",no organ mentioned,0,0,0,0,No Name,0,No Name,0,No Name,0,No Name,0,No Organ Mentioned,"Echocardiography, Endoscopy, Three-dimensional Imaging",No Demographic Data,Status Undisclosed,Some Private Some Unknown,No Location information
Detection of Basal Cell Carcinoma in Whole Slide Images,26,6,1,0,0,0,0,0,3,0,0,wsi,skin,0,0,1,0,No Name,1,south sun pathology laboratory,0,No Name,0,No Name,0,Integumentary System,Histopathology,No Demographic Data,Status Undisclosed,Some Private Some Unknown,Other
Dice Semimetric Losses: Optimizing the Dice Score with Soft Labels,46,3,1,1,0,0,0,0,3,3,0,"ct, mr","prostate, brain, abdomen, kidney, liver",1,male,0,0,No Name,0,No Name,0,No Name,0,No Name,1,"Male Reproductive System, Central Nervous System, Genitourinary System, Digestive System","Magnetic Resonance Imaging (MRI), Computed Tomography (CT)",No Demographic Data,Full Disclosure,All Public,No Location information
DiffDP: Radiotherapy Dose Prediction via a Diffusion Model,19,6,1,1,0,0,0,0,1,0,1,ct,"rectum, bladder, femoral head, small intestine",0,0,1,1,West China Hospital,0,No Name,0,No Name,0,No Name,0,"Genitourinary System, Digestive System",Computed Tomography (CT),No Demographic Data,Full Disclosure,All Private,Healthcare facility
Diffusion Kinetic Model for Breast Cancer Segmentation in Incomplete DCE-MRI,10,4,1,1,0,0,0,0,1,1,0,"dce-mri, mri",breast,0,0,0,0,No Name,0,No Name,0,No Name,0,No Name,1,Integumentary System,Magnetic Resonance Imaging (MRI),No Demographic Data,Full Disclosure,All Public,No Location information
DISA: DIfferentiable Similarity Approximation for Universal Multimodal Registration,72,10,1,1,0,0,0,0,3,1,0,"ct, mr, mr t1 volumes, mr t2 volumes, ultrasound volumes, us volumes, intra-operative ultrasound volumes, mr-ct","brain, abdomen, pelvic region, prostate, liver",1,male,0,0,No Name,0,No Name,0,No Name,0,No Name,1,"Male Reproductive System, Central Nervous System, Genitourinary System, Digestive System","Magnetic Resonance Imaging (MRI), Ultrasound (US), Computed Tomography (CT)",No Demographic Data,Partial Disclosure,Some Public Some Unknown,No Location information
Distributionally Robust Image Classifiers for Stroke Diagnosis in Accelerated MRI,74,5,1*,1,1,0,0,0,2,0,0,"mri, mr, t1, t2",brain,0,0,1,1,No Name,0,No Name,0,No Name,0,No Name,1,Central Nervous System,Magnetic Resonance Imaging (MRI),Limited Use of Demographic Data,Status Undisclosed,Some Private Some Unknown,Healthcare facility
DULDA: Dual-Domain Unsupervised Learned Descent Algorithm for PET Image Reconstruction,15,10,1,1,0,0,0,0,1,0,0,pet,brain,0,0,0,0,No Name,0,No Name,0,No Name,0,No Name,0,Central Nervous System,Positron Emission Tomography (PET),No Demographic Data,Status Undisclosed,Some Private Some Unknown,No Location information
Edge-Aware Multi-task Network for Integrating Quantification Segmentation and Uncertainty Prediction of Liver Tumor on Multi-modality Non-contrast MRI,62,4,1,0,0,0,0,0,1,0,0,mri,liver,0,0,0,0,No Name,0,No Name,0,No Name,0,No Name,0,Digestive System,Magnetic Resonance Imaging (MRI),No Demographic Data,Status Undisclosed,Some Private Some Unknown,No Location information
Enhancing Breast Cancer Risk Prediction by Incorporating Prior Images,38,5,1,1,0,0,0,0,1,0,1,mammogram,breast,0,female,1,0,No Name,1,across institutions,1,united states,1,No Name,0,Integumentary System,Miscellaneous,No Demographic Data,Full Disclosure,All Private,Other
Explaining Massive-Training Artificial Neural Networks in Medical Image Analysis Task Through Visualizing Functions Within the Models,68,2,1,1,0,0,0,0,1,0,0,ct,"hepatic, liver",0,0,0,0,No Name,0,No Name,0,No Name,0,No Name,0,Digestive System,Computed Tomography (CT),No Demographic Data,Status Undisclosed,Some Private Some Unknown,No Location information
Faithful Synthesis of Low-Dose Contrast-Enhanced Brain MRI Scans Using Noise-Preserving Conditional GANs,58,2,1,0,0,0,0,0,2,0,0,mri,brain,0,0,0,0,No Name,0,No Name,0,No Name,0,No Name,1,Central Nervous System,Magnetic Resonance Imaging (MRI),No Demographic Data,Status Undisclosed,Some Private Some Unknown,No Location information
FLIm-Based in Vivo Classification of Residual Cancer in the Surgical Cavity During Transoral Robotic Surgery,56,9,1,1,0,0,0,0,1,0,0,"flim, multispectral fluorescence lifetime imaging, tors, transoral robotic surgery","oropharynx, head and neck",0,0,0,0,No Name,0,No Name,0,No Name,0,No Name,0,Head and Neck,"Magnetic Resonance Imaging (MRI), Miscellaneous",No Demographic Data,Status Undisclosed,Some Private Some Unknown,No Location information
FocalErrorNet: Uncertainty-Aware Focal Modulation Network for Inter-modal Registration Error Estimation in Ultrasound-Guided Neurosurgery,66,9,1,1,0,0,0,0,1,1,0,"mri, ius","brain, cerebral",0,0,0,0,No Name,0,No Name,1,No Name,0,No Name,1,Central Nervous System,"Magnetic Resonance Imaging (MRI), Ultrasound (US)",No Demographic Data,Full Disclosure,All Public,No Location information
Gall Bladder Cancer Detection from US Images with only Image Level Labels,20,1,1,1,0,0,0,0,3,2,0,"us, colonoscopy",gallbladder,0,0,0,0,No Name,0,No Name,0,No Name,0,No Name,0,Digestive System,"Endoscopy, Ultrasound (US)",No Demographic Data,Partial Disclosure,Some Public Some Unknown,No Location information
Gene-Induced Multimodal Pre-training for Image-Omic Classification,49,6,1,1,0,0,0,0,1,0,0,"wsis, wsi",lung,0,0,0,0,No Name,0,No Name,0,No Name,0,No Name,0,Respiratory System,Histopathology,No Demographic Data,Status Undisclosed,Some Private Some Unknown,No Location information
Geometry-Invariant Abnormality Detection,29,1,1,0,0,0,0,0,2,0,1,"pet, ct",whole body,0,0,1,0,No Name,0,No Name,0,No Name,0,No Name,1,Whole Body,"Positron Emission Tomography (PET), Computed Tomography (CT)",No Demographic Data,Partial Disclosure,Some Private Some Unknown,Subnational geographical entity
Graph-Theoretic Automatic Lesion Tracking and Detection of Patterns of Lesion Changes in Longitudinal CT Studies,11,5,1,1,0,0,0,0,2,0,0,"mri, ct","lung, liver",0,0,1,1,hassadah university hospital,0,No Name,1,Israel,1,Jerusalem,0,"Respiratory System, Digestive System","Magnetic Resonance Imaging (MRI), Computed Tomography (CT)",No Demographic Data,Status Undisclosed,Some Private Some Unknown,Healthcare facility
Guiding the Guidance: A Comparative Analysis of User Guidance Signals for Interactive Segmentation of Volumetric Images,61,3,1,1,0,0,0,0,2,2,0,"ct, computed tomography, pet/ct, pet, Positron Emission Tomography","spleen, lung",0,0,0,0,No Name,0,No Name,0,No Name,0,No Name,1,"Respiratory System, Regulatory Systems","Positron Emission Tomography (PET), Computed Tomography (CT)",No Demographic Data,Full Disclosure,All Public,No Location information
Histopathology Image Classification Using Deep Manifold Contrastive Learning,66,6,1,1,0,0,0,0,2,0,0,"wsis, wsi",liver,0,0,1,1,seoul national university hospital,0,No Name,1,south korea,1,seoul,0,Digestive System,Histopathology,No Demographic Data,Status Undisclosed,Some Private Some Unknown,Healthcare facility
Improved Prognostic Prediction of Pancreatic Cancer Using Multi-phase CT by Integrating Neural Distance and Texture-Aware Transformer,24,5,1,1,0,0,0,0,4,0,0,ct,pancreas,0,0,1,1,"Shengjing Hospita, Guangdong Provincial People’s Hospital ",1,Tianjin Medical University and Sun Yatsen University Cancer Center,0,No Name,0,No Name,0,Regulatory Systems,Computed Tomography (CT),No Demographic Data,Status Undisclosed,Some Private Some Unknown,Healthcare facility
Infusing Physically Inspired Known Operators in Deep Models of Ultrasound Elastography,45,1,1,1,0,0,0,0,2,1,0,"Ultrasound Elastography, us","liver, breast",0,0,1,1,john hopkins hospital,0,No Name,0,No Name,0,No Name,0,"Integumentary System, Digestive System",Ultrasound (US),No Demographic Data,Partial Disclosure,Some Public Some Unknown,Healthcare facility
Interpretable Medical Image Classification Using Prototype Learning and Privileged Information,42,3,1,1,0,0,0,0,1,1,0,ct,"thorax, lung",0,0,0,0,No Name,0,No Name,0,No Name,0,No Name,0,Respiratory System,Computed Tomography (CT),No Demographic Data,Full Disclosure,All Public,No Location information
Liver Tumor Screening and Diagnosis in CT with Pixel-Lesion-Patient Network,8,5,1,1,0,0,0,0,2,1,1,"nc-ct, dce-ct, ct","liver, gallbladder, hepatic vein, spleen, stomach, pancreas",0,0,0,0,No Name,0,No Name,0,No Name,0,No Name,0,"Digestive System, Regulatory Systems",Computed Tomography (CT),No Demographic Data,Full Disclosure,Public and Private,No Location information
Localized Region Contrast for Enhancing Self-supervised Learning in Medical Image Segmentation,45,2,1,1,0,0,0,0,4,0,0,ct,"abdomen, thorax, head and neck ",0,0,1,1,No Name,0,No Name,0,No Name,0,No Name,1,"Respiratory System, Head and Neck, Digestive System",Computed Tomography (CT),No Demographic Data,Status Undisclosed,Some Private Some Unknown,Healthcare facility
Longitudinal Multimodal Transformer Integrating Imaging and Latent Clinical Signatures from Routine EHRs for Pulmonary Nodule Classification,62,2,1,1,0,0,0,0,4,1,0,"ct, ehr","lung, chest",0,0,1,0,No Name,1,No Name,0,No Name,0,No Name,0,Respiratory System,"Miscellaneous, Computed Tomography (CT)",No Demographic Data,Partial Disclosure,Some Public Some Unknown,Other
Mammo-Net: Integrating Gaze Supervision and Interactive Information in Multi-view Mammogram Classification,7,7,1,0,0,0,0,0,3,0,0,mammogram,breast,0,female,0,0,No Name,0,No Name,0,No Name,0,No Name,1,Integumentary System,Miscellaneous,No Demographic Data,Status Undisclosed,Some Private Some Unknown,No Location information
Many Tasks Make Light Work: Learning to Localise Medical Anomalies from Multiple Synthetic Tasks,16,1,1,0,0,0,0,0,4,0,0,"mri, x-rays, mr","brain, chest",0,0,0,0,No Name,0,No Name,0,No Name,0,No Name,1,"Respiratory System, Central Nervous System","Magnetic Resonance Imaging (MRI), Radiography",No Demographic Data,Status Undisclosed,Some Private Some Unknown,No Location information
Merging-Diverging Hybrid Transformer Networks for Survival Prediction in Head and Neck Cancer,39,6,1,1,0,0,0,1,1,1,0,pet/ct,"head and neck, h&n",0,0,1,1,"chum, chuv",0,No Name,0,No Name,0,No Name,1,Head and Neck,Computed Tomography (CT),Limited Use of Demographic Data,Full Disclosure,All Public,Healthcare facility
Mesh2SSM: From Surface Meshes to Statistical Shape Models of Anatomy,59,1,1,1,0,0,0,0,1,1,0,segmentations,pancreas,0,0,0,0,No Name,0,No Name,0,No Name,0,No Name,1,Regulatory Systems,Miscellaneous,No Demographic Data,Full Disclosure,All Public,No Location information
MixUp-MIL: Novel Data Augmentation for Multiple Instance Learning and a Study on Thyroid Cancer Diagnosis,46,6,1,1,1,1,0,1,2,0,0,"wsis, wsi",thyroid,0,0,1,1,kardinal schwarzenberg hospital,0,No Name,0,No Name,1,salzburg,0,Regulatory Systems,Histopathology,Extensive Use of Demographic Data,Status Undisclosed,Some Private Some Unknown,Healthcare facility
Multi-scale Prototypical Transformer for Whole Slide Image Classification,58,6,1,0,0,0,0,0,2,2,0,wsi,"lymp nodes, lung",0,0,1,0,No Name,1,national cancer institute data portal ,0,No Name,0,No Name,0,"Respiratory System, Regulatory Systems",Histopathology,No Demographic Data,Full Disclosure,All Public,Other
Multi-scale Self-Supervised Learning for Longitudinal Lesion Tracking with Optional Supervision,55,1,1,1,0,0,0,0,3,2,1,"tomography, ct","liver, lung, lymp nodes",0,0,0,0,No Name,0,No Name,0,No Name,0,No Name,0,"Respiratory System, Digestive System, Regulatory Systems",Computed Tomography (CT),No Demographic Data,Full Disclosure,Public and Private,No Location information
Multimodal CT and MR Segmentation of Head and Neck Organs-at-Risk,71,4,1,1,0,0,0,0,2,2,0,"ct, t1, mr",head and neck,0,0,0,0,No Name,0,No Name,0,No Name,0,No Name,1,Head and Neck,"Magnetic Resonance Imaging (MRI), Computed Tomography (CT)",No Demographic Data,Full Disclosure,All Public,No Location information
MUVF-YOLOX: A Multi-modal Ultrasound Video Fusion Network for Renal Tumor Diagnosis,62,5,1,0,0,0,0,1,1,0,1,"us, ultrasound",renal,0,0,1,1,fujian provincial hospital,0,No Name,0,No Name,0,No Name,0,Genitourinary System,Ultrasound (US),Limited Use of Demographic Data,Full Disclosure,All Private,Healthcare facility
Noise2Aliasing: Unsupervised Deep Learning for View Aliasing and Noise Reduction in 4DCBCT,46,10,1,1,0,0,0,0,2,1,1,ct,lung,0,0,0,0,No Name,0,No Name,0,No Name,0,No Name,0,Respiratory System,Computed Tomography (CT),No Demographic Data,Full Disclosure,Public and Private,No Location information
Non-iterative Coarse-to-Fine Transformer Networks for Joint Affine and Deformable Image Registration,71,10,1,1,0,0,0,0,7,7,0,mri,brain,0,0,0,0,No Name,0,No Name,0,No Name,0,No Name,0,Central Nervous System,Magnetic Resonance Imaging (MRI),No Demographic Data,Full Disclosure,All Public,No Location information
Optical Coherence Elastography Needle for Biomechanical Characterization of Deep Tissue,58,9,1,0,0,0,0,0,0,0,0,no image type mentioned,no organ mentioned,0,0,0,0,No Name,0,No Name,0,No Name,0,No Name,0,No Organ Mentioned,Miscellaneous,No Demographic Data,Quantities Undisclosed,None,No Location information
Overall Survival Time Prediction of Glioblastoma on Preoperative MRI Using Lesion Network Mapping,29,8,1,1,1,1,0,0,2,2,0,"fmri, mri, t1, t2",brain,0,0,0,0,No Name,0,No Name,0,No Name,0,No Name,0,Central Nervous System,Magnetic Resonance Imaging (MRI),Limited Use of Demographic Data,Full Disclosure,All Public,No Location information
Parse and Recall: Towards Accurate Lung Nodule Malignancy Prediction Like Radiologists,20,5,1,1,0,0,0,0,4,1,1,ct,"lung, chest",0,0,1,1,No Name,0,No Name,0,No Name,0,No Name,0,Respiratory System,Computed Tomography (CT),No Demographic Data,Status Undisclosed,Public and Private,Healthcare facility
Patients and Slides are Equal: A Multi-level Multi-instance Learning Framework for Pathological Image Analysis,7,5,1,1,0,0,0,0,2,2,1,slides,"breast, lymph node",0,0,0,0,No Name,0,No Name,0,No Name,0,No Name,0,Integumentary System,Histopathology,No Demographic Data,Status Undisclosed,All Public,No Location information
Pelvic Fracture Segmentation Using a Multi-scale Distance-Weighted Neural Network,30,9,1,1,1,1,1,1,1,1,0,ct,"pelvis, pelvic",0,0,1,1,Beijing Jishuitan Hospital,0,No Name,0,No Name,0,No Name,0,Genitourinary System,Computed Tomography (CT),Extensive Use of Demographic Data,Full Disclosure,All Public,Healthcare facility
Pre-trained Diffusion Models for Plug-and-Play Medical Image Enhancement,1,3,1,0,0,0,0,0,6,4,0,"mr, ct","abdomen, heart",0,0,1,1,No Name,0,No Name,0,No Name,0,No Name,0,"Cardiovascular System, Digestive System","Magnetic Resonance Imaging (MRI), Computed Tomography (CT)",No Demographic Data,Partial Disclosure,Some Public Some Unknown,Healthcare facility
Prompt-Based Grouping Transformer for Nucleus Detection and Classification,55,8,1,1,0,0,0,0,3,3,0,"h&e, wsis, wsi, image titles, stained image tiles, histology images","colorectal, breast, colon  ",0,0,0,0,No Name,0,No Name,0,No Name,0,No Name,0,"Integumentary System, Digestive System","Histopathology, Miscellaneous",No Demographic Data,Full Disclosure,All Public,No Location information
Regularized Kelvinlet Functions to Model Linear Elasticity for Image-to-Physical Registration of the Breast,33,9,1,1,1,0,0,0,2,0,0,mr,breast,0,0,1,0,No Name,0,No Name,0,No Name,0,No Name,0,Integumentary System,Magnetic Resonance Imaging (MRI),Limited Use of Demographic Data,Status Undisclosed,Some Private Some Unknown,Subnational geographical entity
Relaxation-Diffusion Spectrum Imaging for Probing Tissue Microarchitecture,15,8,1,1,0,0,0,0,2,0,0,"mte, dmri, mri","human brain, monkey brain",0,0,0,0,No Name,0,No Name,0,No Name,0,No Name,1,"Central Nervous System, Zoology","Magnetic Resonance Imaging (MRI), Miscellaneous",No Demographic Data,Status Undisclosed,Some Private Some Unknown,No Location information
Reversing the Abnormal: Pseudo-Healthy Generative Networks for Anomaly Detection,29,5,1,0,0,0,0,0,2,2,0,"mri, t1",brain,0,0,0,0,No Name,0,No Name,0,No Name,0,No Name,0,Central Nervous System,Magnetic Resonance Imaging (MRI),No Demographic Data,Full Disclosure,All Public,No Location information
Robust Cervical Abnormal Cell Detection via Distillation from Local-Scale Consistency Refinement,63,6,1,0,0,0,0,0,1,0,1,wsi,"cervical, cervix",1,female,0,0,No Name,0,No Name,0,No Name,0,No Name,0,Female Reproductive System,Histopathology,No Demographic Data,Full Disclosure,All Private,No Location information
Robust Exclusive Adaptive Sparse Feature Selection for Biomarker Discovery and Early Diagnosis of Neuropsychiatric Systemic Lupus Erythematosus,13,5,1*,1,1,0,0,0,1,0,0,"mr, t2",no organ mentioned,0,0,1,1,No Name,0,No Name,0,No Name,0,No Name,0,No Organ Mentioned,Magnetic Resonance Imaging (MRI),Limited Use of Demographic Data,Status Undisclosed,Some Private Some Unknown,Healthcare facility
Segmentation of Kidney Tumors on Non-Contrast CT Images Using Protuberance Detection Network,2,7,1,1,0,0,0,0,2,1,0,"cect, ncct",kidney,0,0,1,0,No Name,1,The Cancer Imaging Archive (TCIA) ,0,No Name,0,No Name,0,Genitourinary System,Computed Tomography (CT),No Demographic Data,Partial Disclosure,Some Public Some Unknown,Other
Self-feedback Transformer: A Multi-label Diagnostic Model for Real-World Pancreatic Neuroendocrine Neoplasms Data,49,7,1,1,0,0,0,0,1,0,0,ct,"arterial, pancreas",0,0,1,1,No Name,1,No Name,0,No Name,0,No Name,1,"Cardiovascular System, Regulatory Systems",Computed Tomography (CT),No Demographic Data,Status Undisclosed,Some Private Some Unknown,Healthcare facility
SHISRCNet: Super-Resolution and Classification Network for Low-Resolution Breast Cancer Histopathology Image,3,5,1,0,0,0,0,0,1,0,0,histopathology,breast,0,0,0,0,No Name,0,No Name,0,No Name,0,No Name,1,Integumentary System,Histopathology,No Demographic Data,Status Undisclosed,Some Private Some Unknown,No Location information
SimPLe: Similarity-Aware Propagation Learning for Weakly-Supervised Breast Cancer Segmentation in DCE-MRI,54,4,1,1,0,0,0,0,1,0,1,"dce-mri, mri",breast,0,0,1,0,No Name,1,Cancer Center of Sun Yat-Sen University,0,No Name,0,No Name,0,Integumentary System,Magnetic Resonance Imaging (MRI),No Demographic Data,Full Disclosure,All Private,Other
Single-subject Multi-contrast MRI Super-resolution via Implicit Neural Representations,17,8,1,1,0,0,0,0,3,2,1,mri,brain,0,0,0,0,No Name,0,No Name,0,No Name,0,No Name,1,Central Nervous System,Magnetic Resonance Imaging (MRI),No Demographic Data,Full Disclosure,Public and Private,No Location information
Skin Lesion Correspondence Localization in Total Body Photography,25,7,1,0,0,0,0,0,2,1,1,photogrammetry 3d,skin,0,0,0,0,No Name,0,No Name,0,No Name,0,No Name,1,Integumentary System,Three-dimensional Imaging,No Demographic Data,Full Disclosure,Public and Private,No Location information
SLPD: Slide-Level Prototypical Distillation for WSIs,25,1,1,0,0,0,0,0,2,2,0,wsi,"lung, breast",0,0,0,0,No Name,0,No Name,0,No Name,0,No Name,0,"Respiratory System, Integumentary System",Histopathology,No Demographic Data,Full Disclosure,All Public,No Location information
Solving Low-Dose CT Reconstruction via GAN with Local Coherence,50,10,1,1,0,0,0,0,2,0,0,ct,lung,0,0,1,1,mayo-clinic,0,No Name,0,No Name,0,No Name,0,Respiratory System,Computed Tomography (CT),No Demographic Data,Status Undisclosed,Some Private Some Unknown,Healthcare facility
Spectral Adversarial MixUp for Few-Shot Unsupervised Domain Adaptation,69,1,1,0,0,0,0,1,4,0,0,segmentations,tissue,0,0,1,0,No Name,0,No Name,0,No Name,0,No Name,0,Whole Body,Miscellaneous,Limited Use of Demographic Data,Status Undisclosed,Some Private Some Unknown,Subnational geographical entity
Structure-Preserving Synthesis: MaskGAN for Unpaired MR-CT Translation,6,10,1,1,1,0,0,0,1,0,0,"mri, t1, ct, mr, ct volumes",brain,0,0,0,0,No Name,0,No Name,0,No Name,0,No Name,0,Central Nervous System,"Magnetic Resonance Imaging (MRI), Computed Tomography (CT)",Limited Use of Demographic Data,Status Undisclosed,Some Private Some Unknown,No Location information
Synthesis of Contrast-Enhanced Breast MRI Using T1- and Multi-b-Value DWI-Based Hierarchical Fusion Network with Attention Mechanism,8,7,1,1,0,0,0,0,1,0,1,"mri, t1, dwi",breast,0,0,1,0,No Name,1,No Name,0,No Name,0,No Name,0,Integumentary System,Magnetic Resonance Imaging (MRI),No Demographic Data,Full Disclosure,All Private,Other
Text-Guided Foundation Model Adaptation for Pathological Image Classification,27,5,1,1,0,0,0,0,1,0,0,"h&e stained whole slide images, wsi",stomach,0,0,0,0,No Name,0,No Name,0,No Name,0,No Name,0,Digestive System,Histopathology,No Demographic Data,Status Undisclosed,Some Private Some Unknown,No Location information
Thinking Like Sonographers: A Deep CNN Model for Diagnosing Gout from Musculoskeletal Ultrasound,16,6,1,1,0,0,0,0,2,0,0,us,"eye, Musculoskeletal",0,0,1,1,Nanjing Drum Tower Hosptial,0,No Name,0,No Name,0,No Name,0,"Head and Neck, Whole Body",Ultrasound (US),No Demographic Data,Status Undisclosed,Some Private Some Unknown,Healthcare facility
Thyroid Nodule Diagnosis in Dynamic Contrast-Enhanced Ultrasound via Microvessel Infiltration Awareness,17,6,1,1,0,0,0,0,1,0,0,"ultrasound, ceus",thyroid,0,0,1,1,nanjing drum tower hospital,0,No Name,0,No Name,0,No Name,0,Regulatory Systems,Ultrasound (US),No Demographic Data,Status Undisclosed,Some Private Some Unknown,Healthcare facility
Towards Multi-modal Anatomical Landmark Detection for Ultrasound-Guided Brain Tumor Resection with Contrastive Learning,64,9,1,1,0,0,0,0,1,1,0,"mri, intra-operative us, us, ultrasound","cerebral, brain ",0,0,0,0,No Name,0,No Name,0,No Name,0,No Name,0,Central Nervous System,"Magnetic Resonance Imaging (MRI), Ultrasound (US)",No Demographic Data,Full Disclosure,All Public,No Location information
Trackerless Volume Reconstruction from Intraoperative Ultrasound Images,29,10,1,0,0,0,0,0,1,0,0,"intra-operative us, ultrasound, intraoperative ultrasound",swine liver,0,0,0,0,No Name,0,No Name,0,No Name,0,No Name,0,Zoology,Ultrasound (US),No Demographic Data,Status Undisclosed,Some Private Some Unknown,No Location information
Transfer Learning-Assisted Survival Analysis of Breast Cancer Relying on the Spatial Interaction Between Tumor-Infiltrating Lymphocytes and Tumors,59,6,1,1,0,0,0,0,1,0,0,h&e stained,breast,0,0,1,0,No Name,1,The Cancer Genome Atlas (TCGA),0,No Name,0,No Name,0,Integumentary System,Histopathology,No Demographic Data,Status Undisclosed,Some Private Some Unknown,Other
TransLiver: A Hybrid Transformer Model for Multi-phase Liver Lesion Classification,32,2,1,1,0,0,0,0,1,0,1,ct,liver,0,0,1,1,"sir run run shaw hospital, zhejiang university school of medicine",1, zhejiang university school of medicine,0,No Name,0,No Name,1,Digestive System,Computed Tomography (CT),No Demographic Data,Full Disclosure,All Private,Healthcare facility
Triangular Analysis of Geographical Interplay of Lymphocytes (TriAnGIL): Predicting Immunotherapy Response in Lung Cancer,77,6,1,1,0,0,0,1,5,0,5,wsi,lung,0,0,1,0,No Name,1,No Name,0,No Name,0,No Name,0,Respiratory System,Histopathology,Limited Use of Demographic Data,Full Disclosure,All Private,Other
Uncertainty-Informed Mutual Learning for Joint Medical Image Classification and Segmentation,4,4,1,1,0,0,0,0,2,2,0,"fundus, optical coherence tomography, oct, segmentation","breast, eye",0,0,0,0,No Name,0,No Name,0,No Name,0,No Name,0,"Integumentary System, Head and Neck","Miscellaneous, Optical Coherence Tomography (OCT & D-OCT)",No Demographic Data,Full Disclosure,All Public,No Location information
Unpaired Cross-Modal Interaction Learning for COVID-19 Segmentation on Limited CT Images,58,3,1,1,0,0,0,0,4,2,0,"ct, x-rays, segmentations",chest,0,0,0,0,No Name,0,No Name,0,No Name,0,No Name,0,Respiratory System,"Miscellaneous, Radiography, Computed Tomography (CT)",No Demographic Data,Partial Disclosure,Some Public Some Unknown,No Location information
VesselVAE: Recursive Variational Autoencoders for 3D Blood Vessel Synthesis,7,1,1,1,0,0,0,0,1,1,0,2d mri,blood vessels,0,0,0,0,No Name,0,No Name,0,No Name,0,No Name,0,Cardiovascular System,Magnetic Resonance Imaging (MRI),No Demographic Data,Full Disclosure,All Public,No Location information
X2Vision: 3D CT Reconstruction from Biplanar X-Rays with Deep Structure Prior,66,10,1,1,0,0,0,0,3,1,2,"ct, mri, cbct","head, neck, brain ",0,0,0,0,No Name,0,No Name,0,No Name,0,No Name,0,"Central Nervous System, Head and Neck","Magnetic Resonance Imaging (MRI), Computed Tomography (CT)",No Demographic Data,Full Disclosure,Public and Private,No Location information
